{
    "0": {
        "accuracy": 2.30392001764462,
        "loss": 2.30392001764462,
        "precision": 0.01000100010001,
        "recall": 0.1,
        "f1": 0.018183471224656786
    },
    "1": {
        "accuracy": 2.3353479266547548,
        "loss": 2.3353479266547548,
        "precision": 0.11594190908794025,
        "recall": 0.1046,
        "f1": 0.049478518365851376
    },
    "2": {
        "accuracy": 1.847196218685601,
        "loss": 1.847196218685601,
        "precision": 0.3141976242370741,
        "recall": 0.3104,
        "f1": 0.25843460571239557
    },
    "3": {
        "accuracy": 1.7348591969036067,
        "loss": 1.7348591969036067,
        "precision": 0.33021639518328677,
        "recall": 0.3435,
        "f1": 0.3124971268101941
    },
    "4": {
        "accuracy": 1.7139933097857636,
        "loss": 1.7139933097857636,
        "precision": 0.358091053214291,
        "recall": 0.3325,
        "f1": 0.3129785402880761
    },
    "5": {
        "accuracy": 1.6592223354802726,
        "loss": 1.6592223354802726,
        "precision": 0.37629206318365893,
        "recall": 0.3765,
        "f1": 0.3575064304261448
    }
}