{
    "1": {
        "accuracy": 0.3605,
        "loss": 1.682872183739193,
        "precision": 0.35349519914476085,
        "recall": 0.36610949133285403,
        "f1": 0.343890265379002
    }
}