{
    "1": {
        "accuracy": 2.344806864003467,
        "loss": 2.344806864003467,
        "precision": 0.12088082256889505,
        "recall": 0.11491545718779264,
        "f1": 0.047879544131169925
    }
}