{
    "0": {
        "accuracy": 0.0972,
        "loss": 2.3045813694548682,
        "precision": 0.016535448672617768,
        "recall": 0.09720000000000001,
        "f1": 0.023824249132341317
    },
    "1": {
        "accuracy": 0.0959,
        "loss": 2.372988444928544,
        "precision": 0.01290712743315367,
        "recall": 0.0959,
        "f1": 0.020114251114811056
    },
    "2": {
        "accuracy": 0.1656,
        "loss": 2.2880437892085066,
        "precision": 0.23443037966809926,
        "recall": 0.1656,
        "f1": 0.11391659749113496
    },
    "3": {
        "accuracy": 0.3338,
        "loss": 1.782535258573465,
        "precision": 0.33130682242238096,
        "recall": 0.33380000000000004,
        "f1": 0.29978928100526814
    },
    "4": {
        "accuracy": 0.3554,
        "loss": 1.7121685194893006,
        "precision": 0.38937654085287804,
        "recall": 0.35540000000000005,
        "f1": 0.3291354744685707
    },
    "5": {
        "accuracy": 0.3716,
        "loss": 1.6784404302938296,
        "precision": 0.36814720361550907,
        "recall": 0.37160000000000004,
        "f1": 0.35942659997080645
    },
    "6": {
        "accuracy": 0.3725,
        "loss": 1.658236136832557,
        "precision": 0.38768651121888725,
        "recall": 0.37249999999999994,
        "f1": 0.3567698630214012
    },
    "7": {
        "accuracy": 0.3815,
        "loss": 1.656800968197588,
        "precision": 0.3751691972479622,
        "recall": 0.38150000000000006,
        "f1": 0.36089761474826554
    },
    "8": {
        "accuracy": 0.3837,
        "loss": 1.6472161600764947,
        "precision": 0.3755522606458054,
        "recall": 0.38370000000000004,
        "f1": 0.3523635571311578
    },
    "9": {
        "accuracy": 0.382,
        "loss": 1.67402283033243,
        "precision": 0.3885108452942825,
        "recall": 0.38199999999999995,
        "f1": 0.36667164533130425
    },
    "10": {
        "accuracy": 0.3811,
        "loss": 1.6638151517691322,
        "precision": 0.36741431755268084,
        "recall": 0.3811000000000001,
        "f1": 0.35735024221351797
    }
}