{
    "0": {
        "accuracy": 2.304266154956513,
        "loss": 2.304266154956513,
        "precision": 0.0343067341601698,
        "recall": 0.0988,
        "f1": 0.02012741068732457
    },
    "1": {
        "accuracy": 2.375020513138451,
        "loss": 2.375020513138451,
        "precision": 0.03440731467039589,
        "recall": 0.1068,
        "f1": 0.0387225630727842
    },
    "2": {
        "accuracy": 2.0284275833410197,
        "loss": 2.0284275833410197,
        "precision": 0.312594033778674,
        "recall": 0.2661,
        "f1": 0.23689156853760088
    },
    "3": {
        "accuracy": 1.7364781912142477,
        "loss": 1.7364781912142477,
        "precision": 0.3671229543503361,
        "recall": 0.37079999999999996,
        "f1": 0.3498342030170124
    },
    "4": {
        "accuracy": 1.6229052943543505,
        "loss": 1.6229052943543505,
        "precision": 0.41106834751923105,
        "recall": 0.3914,
        "f1": 0.380343353337966
    },
    "5": {
        "accuracy": 1.6396638391116938,
        "loss": 1.6396638391116938,
        "precision": 0.4139039511074989,
        "recall": 0.40610000000000007,
        "f1": 0.3952342348872289
    }
}